KT 5608 LP;Honda;Megapro
KT 5609 LP;Honda;Megapro
KT 6701 ZP;Honda;Verza
KT 5132 ZY;Honda;Megapro
KT 5133 ZY;Honda;Megapro
KT 5075 YW;Honda;Verza
KT 5077 YW;Honda;Vario
KT 6160 LE;Kawasaki;KLX 150
KT 1 JR;Nissan;X-Trail
KT 6138 LB;Honda;Vario
KT 6139 LB;Honda;Vario
KT 6140 LB;Honda;Vario
KT 6141 LB;Honda;Vario
KT 6142 LB;Honda;Vario
KT 1392 AQ;Toyota;Avanza
KT 1397 AQ;Toyota ;Avanza
KT 1086 ZA;Toyota;Avanza
KT 1664 KS;Toyota;Innova
KT 1334 AJ;Toyota;Avanza
KT 8888 JR;Nissan;Navara
KT 9533 LD;Isuzu;NKR45CO E2-1 LWB (Unit MUKL)
KT 2 JR;Toyota;Innova
KT 8437 AO;Isuzu;NKR 55 CO E2-1 LWB (Unit Pelayanan Kel)
KT 5071 YW;Honda;Megapro
KT 5484 ZZ;Honda;Megapro
KT 5485 ZZ;Honda;Megapro
KT 5604 LP;Honda;Megapro
KT 5605 LP;Honda;Megapro
KT 5135 ZY;Honda;Megapro
KT 5137 ZY;Honda;Megapro
KT 5138 ZY;Honda;Megapro
KT 1458 ZP;Toyota;Innova
KT 5073 YW;Honda;Verza
KT 5074 YW;Honda;Verza
KT 5079 YW;Honda;Megapro
KT 6153 LE;Kawasaki ;KLX 150
KT 6152 LE;Kawasaki ;KLX 150
KT 6154 LE;Kawasaki ;KLX 150
KT 6998 LQ;Honda;Verza
KT 5606 LP;Honda;Megapro
KT 5607 LP;Honda;Megapro
KU 4345 GZ;Honda;Verza
KU 4346 GZ;Honda;Verza
KT 5139 ZY;Honda;Megapro
KT 5140 ZY;Honda;Megapro
KT 5141 ZY;Honda;Megapro
KT 1459 ZP;Toyota;Innova
KT 5072 YW;Honda;Verza
KT 5076 YW;Honda;Verza
KT 5078 YW;Honda;Vario
KT 6157 LE;Kawasaki;KLX 150
KT 6158 LE;Kawasaki;KLX 150
KT 6159 LE;Kawasaki;KLX 150
KT 6143 LB;Honda;Vario
KT 5621 YH;Honda;Vario
KT 1051 ZY;Toyota;Avanza
